{
    "brand": {
        "name": "Sahaj Agro Industries",
        "tagline": "SIMPLY PURE, ALWAYS.",
        "email": "sahajagroindustries0016@gmail.com",
        "phone": "+91 7000205906",
        "colors": {
            "primary": "#113e2d",
            "accent": "#FDB913"
        }
    },
    "sections": {
        "hero": {
            "headline": "SIMPLY PURE, ALWAYS.",
            "subheadline": "FROM OUR FARMS TO YOUR KITCHEN. Farm-to-kitchen urad products — pure, organic, zero-adulteration."
        }
    }
}