{
    "brand": {
        "name": "Sahaj Agro Industries",
        "tagline": "SIMPLY PURE, ALWAYS.",
        "email": "sahajagroindustries0016@gmail.com",
        "phone": "+91 7000205906",
        "colors": {
            "primary": "#113e2d",
            "accent": "#ffc107"
        }
    },
    "sections": {
        "hero": {
            "headline": "SIMPLY PURE, ALWAYS.",
            "subheadline": "Farm-to-kitchen urad products — pure, organic, zero-adulteration. Trusted by businesses for 30+ years."
        }
    }
}